,PassengerId,Survived,Pclass,Sex,Age,SibSp,Parch,Fare,Cabin,Embarked
0,1,0,3,male,22.0,1,0,7.25,NC,S
1,2,1,1,female,38.0,1,0,71.2833,C85,C
2,3,1,3,female,26.0,0,0,7.925,NC,S
3,4,1,1,female,35.0,1,0,53.1,C123,S
4,5,0,3,male,35.0,0,0,8.05,NC,S
5,6,0,3,male,29.69911764705882,0,0,8.4583,NC,Q
6,7,0,1,male,54.0,0,0,51.8625,E46,S
7,8,0,3,male,2.0,3,1,21.075,NC,S
8,9,1,3,female,27.0,0,2,11.1333,NC,S
9,10,1,2,female,14.0,1,0,30.0708,NC,C
10,11,1,3,female,4.0,1,1,16.7,G6,S
11,12,1,1,female,58.0,0,0,26.55,C103,S
12,13,0,3,male,20.0,0,0,8.05,NC,S
13,14,0,3,male,39.0,1,5,31.275,NC,S
14,15,0,3,female,14.0,0,0,7.8542,NC,S
15,16,1,2,female,55.0,0,0,16.0,NC,S
16,17,0,3,male,2.0,4,1,29.125,NC,Q
17,18,1,2,male,29.69911764705882,0,0,13.0,NC,S
18,19,0,3,female,31.0,1,0,18.0,NC,S
19,20,1,3,female,29.69911764705882,0,0,7.225,NC,C
20,21,0,2,male,35.0,0,0,26.0,NC,S
21,22,1,2,male,34.0,0,0,13.0,D56,S
22,23,1,3,female,15.0,0,0,8.0292,NC,Q
23,24,1,1,male,28.0,0,0,35.5,A6,S
24,25,0,3,female,8.0,3,1,21.075,NC,S
25,26,1,3,female,38.0,1,5,31.3875,NC,S
26,27,0,3,male,29.69911764705882,0,0,7.225,NC,C
27,28,0,1,male,19.0,3,2,263.0,C23 C25 C27,S
28,29,1,3,female,29.69911764705882,0,0,7.8792,NC,Q
29,30,0,3,male,29.69911764705882,0,0,7.8958,NC,S
30,31,0,1,male,40.0,0,0,27.7208,NC,C
31,32,1,1,female,29.69911764705882,1,0,146.5208,B78,C
32,33,1,3,female,29.69911764705882,0,0,7.75,NC,Q
33,34,0,2,male,66.0,0,0,10.5,NC,S
34,35,0,1,male,28.0,1,0,82.1708,NC,C
35,36,0,1,male,42.0,1,0,52.0,NC,S
36,37,1,3,male,29.69911764705882,0,0,7.2292,NC,C
37,38,0,3,male,21.0,0,0,8.05,NC,S
38,39,0,3,female,18.0,2,0,18.0,NC,S
39,40,1,3,female,14.0,1,0,11.2417,NC,C
40,41,0,3,female,40.0,1,0,9.475,NC,S
41,42,0,2,female,27.0,1,0,21.0,NC,S
42,43,0,3,male,29.69911764705882,0,0,7.8958,NC,C
43,44,1,2,female,3.0,1,2,41.5792,NC,C
44,45,1,3,female,19.0,0,0,7.8792,NC,Q
45,46,0,3,male,29.69911764705882,0,0,8.05,NC,S
46,47,0,3,male,29.69911764705882,1,0,15.5,NC,Q
47,48,1,3,female,29.69911764705882,0,0,7.75,NC,Q
48,49,0,3,male,29.69911764705882,2,0,21.6792,NC,C
49,50,0,3,female,18.0,1,0,17.8,NC,S
50,51,0,3,male,7.0,4,1,39.6875,NC,S
51,52,0,3,male,21.0,0,0,7.8,NC,S
52,53,1,1,female,49.0,1,0,76.7292,D33,C
53,54,1,2,female,29.0,1,0,26.0,NC,S
54,55,0,1,male,65.0,0,1,61.9792,B30,C
55,56,1,1,male,29.69911764705882,0,0,35.5,C52,S
56,57,1,2,female,21.0,0,0,10.5,NC,S
57,58,0,3,male,28.5,0,0,7.2292,NC,C
58,59,1,2,female,5.0,1,2,27.75,NC,S
59,60,0,3,male,11.0,5,2,46.9,NC,S
60,61,0,3,male,22.0,0,0,7.2292,NC,C
61,62,1,1,female,38.0,0,0,80.0,B28,S
62,63,0,1,male,45.0,1,0,83.475,C83,S
63,64,0,3,male,4.0,3,2,27.9,NC,S
64,65,0,1,male,29.69911764705882,0,0,27.7208,NC,C
65,66,1,3,male,29.69911764705882,1,1,15.2458,NC,C
66,67,1,2,female,29.0,0,0,10.5,F33,S
67,68,0,3,male,19.0,0,0,8.1583,NC,S
68,69,1,3,female,17.0,4,2,7.925,NC,S
69,70,0,3,male,26.0,2,0,8.6625,NC,S
70,71,0,2,male,32.0,0,0,10.5,NC,S
71,72,0,3,female,16.0,5,2,46.9,NC,S
72,73,0,2,male,21.0,0,0,73.5,NC,S
73,74,0,3,male,26.0,1,0,14.4542,NC,C
74,75,1,3,male,32.0,0,0,56.4958,NC,S
75,76,0,3,male,25.0,0,0,7.65,F G73,S
76,77,0,3,male,29.69911764705882,0,0,7.8958,NC,S
77,78,0,3,male,29.69911764705882,0,0,8.05,NC,S
78,79,1,2,male,0.83,0,2,29.0,NC,S
79,80,1,3,female,30.0,0,0,12.475,NC,S
80,81,0,3,male,22.0,0,0,9.0,NC,S
81,82,1,3,male,29.0,0,0,9.5,NC,S
82,83,1,3,female,29.69911764705882,0,0,7.7875,NC,Q
83,84,0,1,male,28.0,0,0,47.1,NC,S
84,85,1,2,female,17.0,0,0,10.5,NC,S
85,86,1,3,female,33.0,3,0,15.85,NC,S
86,87,0,3,male,16.0,1,3,34.375,NC,S
87,88,0,3,male,29.69911764705882,0,0,8.05,NC,S
88,89,1,1,female,23.0,3,2,263.0,C23 C25 C27,S
89,90,0,3,male,24.0,0,0,8.05,NC,S
90,91,0,3,male,29.0,0,0,8.05,NC,S
91,92,0,3,male,20.0,0,0,7.8542,NC,S
92,93,0,1,male,46.0,1,0,61.175,E31,S
93,94,0,3,male,26.0,1,2,20.575,NC,S
94,95,0,3,male,59.0,0,0,7.25,NC,S
95,96,0,3,male,29.69911764705882,0,0,8.05,NC,S
96,97,0,1,male,71.0,0,0,34.6542,A5,C
97,98,1,1,male,23.0,0,1,63.3583,D10 D12,C
98,99,1,2,female,34.0,0,1,23.0,NC,S
99,100,0,2,male,34.0,1,0,26.0,NC,S
100,101,0,3,female,28.0,0,0,7.8958,NC,S
101,102,0,3,male,29.69911764705882,0,0,7.8958,NC,S
102,103,0,1,male,21.0,0,1,77.2875,D26,S
103,104,0,3,male,33.0,0,0,8.6542,NC,S
104,105,0,3,male,37.0,2,0,7.925,NC,S
105,106,0,3,male,28.0,0,0,7.8958,NC,S
106,107,1,3,female,21.0,0,0,7.65,NC,S
107,108,1,3,male,29.69911764705882,0,0,7.775,NC,S
108,109,0,3,male,38.0,0,0,7.8958,NC,S
109,110,1,3,female,29.69911764705882,1,0,24.15,NC,Q
110,111,0,1,male,47.0,0,0,52.0,C110,S
111,112,0,3,female,14.5,1,0,14.4542,NC,C
112,113,0,3,male,22.0,0,0,8.05,NC,S
113,114,0,3,female,20.0,1,0,9.825,NC,S
114,115,0,3,female,17.0,0,0,14.4583,NC,C
115,116,0,3,male,21.0,0,0,7.925,NC,S
116,117,0,3,male,70.5,0,0,7.75,NC,Q
117,118,0,2,male,29.0,1,0,21.0,NC,S
118,119,0,1,male,24.0,0,1,247.5208,B58 B60,C
119,120,0,3,female,2.0,4,2,31.275,NC,S
120,121,0,2,male,21.0,2,0,73.5,NC,S
121,122,0,3,male,29.69911764705882,0,0,8.05,NC,S
122,123,0,2,male,32.5,1,0,30.0708,NC,C
123,124,1,2,female,32.5,0,0,13.0,E101,S
124,125,0,1,male,54.0,0,1,77.2875,D26,S
125,126,1,3,male,12.0,1,0,11.2417,NC,C
126,127,0,3,male,29.69911764705882,0,0,7.75,NC,Q
127,128,1,3,male,24.0,0,0,7.1417,NC,S
128,129,1,3,female,29.69911764705882,1,1,22.3583,F E69,C
129,130,0,3,male,45.0,0,0,6.975,NC,S
130,131,0,3,male,33.0,0,0,7.8958,NC,C
131,132,0,3,male,20.0,0,0,7.05,NC,S
132,133,0,3,female,47.0,1,0,14.5,NC,S
133,134,1,2,female,29.0,1,0,26.0,NC,S
134,135,0,2,male,25.0,0,0,13.0,NC,S
135,136,0,2,male,23.0,0,0,15.0458,NC,C
136,137,1,1,female,19.0,0,2,26.2833,D47,S
137,138,0,1,male,37.0,1,0,53.1,C123,S
138,139,0,3,male,16.0,0,0,9.2167,NC,S
139,140,0,1,male,24.0,0,0,79.2,B86,C
140,141,0,3,female,29.69911764705882,0,2,15.2458,NC,C
141,142,1,3,female,22.0,0,0,7.75,NC,S
142,143,1,3,female,24.0,1,0,15.85,NC,S
143,144,0,3,male,19.0,0,0,6.75,NC,Q
144,145,0,2,male,18.0,0,0,11.5,NC,S
145,146,0,2,male,19.0,1,1,36.75,NC,S
146,147,1,3,male,27.0,0,0,7.7958,NC,S
147,148,0,3,female,9.0,2,2,34.375,NC,S
148,149,0,2,male,36.5,0,2,26.0,F2,S
149,150,0,2,male,42.0,0,0,13.0,NC,S
150,151,0,2,male,51.0,0,0,12.525,NC,S
151,152,1,1,female,22.0,1,0,66.6,C2,S
152,153,0,3,male,55.5,0,0,8.05,NC,S
153,154,0,3,male,40.5,0,2,14.5,NC,S
154,155,0,3,male,29.69911764705882,0,0,7.3125,NC,S
155,156,0,1,male,51.0,0,1,61.3792,NC,C
156,157,1,3,female,16.0,0,0,7.7333,NC,Q
157,158,0,3,male,30.0,0,0,8.05,NC,S
158,159,0,3,male,29.69911764705882,0,0,8.6625,NC,S
159,160,0,3,male,29.69911764705882,8,2,69.55,NC,S
160,161,0,3,male,44.0,0,1,16.1,NC,S
161,162,1,2,female,40.0,0,0,15.75,NC,S
162,163,0,3,male,26.0,0,0,7.775,NC,S
163,164,0,3,male,17.0,0,0,8.6625,NC,S
164,165,0,3,male,1.0,4,1,39.6875,NC,S
165,166,1,3,male,9.0,0,2,20.525,NC,S
166,167,1,1,female,29.69911764705882,0,1,55.0,E33,S
167,168,0,3,female,45.0,1,4,27.9,NC,S
168,169,0,1,male,29.69911764705882,0,0,25.925,NC,S
169,170,0,3,male,28.0,0,0,56.4958,NC,S
170,171,0,1,male,61.0,0,0,33.5,B19,S
171,172,0,3,male,4.0,4,1,29.125,NC,Q
172,173,1,3,female,1.0,1,1,11.1333,NC,S
173,174,0,3,male,21.0,0,0,7.925,NC,S
174,175,0,1,male,56.0,0,0,30.6958,A7,C
175,176,0,3,male,18.0,1,1,7.8542,NC,S
176,177,0,3,male,29.69911764705882,3,1,25.4667,NC,S
177,178,0,1,female,50.0,0,0,28.7125,C49,C
178,179,0,2,male,30.0,0,0,13.0,NC,S
179,180,0,3,male,36.0,0,0,0.0,NC,S
180,181,0,3,female,29.69911764705882,8,2,69.55,NC,S
181,182,0,2,male,29.69911764705882,0,0,15.05,NC,C
182,183,0,3,male,9.0,4,2,31.3875,NC,S
183,184,1,2,male,1.0,2,1,39.0,F4,S
184,185,1,3,female,4.0,0,2,22.025,NC,S
185,186,0,1,male,29.69911764705882,0,0,50.0,A32,S
186,187,1,3,female,29.69911764705882,1,0,15.5,NC,Q
187,188,1,1,male,45.0,0,0,26.55,NC,S
188,189,0,3,male,40.0,1,1,15.5,NC,Q
189,190,0,3,male,36.0,0,0,7.8958,NC,S
190,191,1,2,female,32.0,0,0,13.0,NC,S
191,192,0,2,male,19.0,0,0,13.0,NC,S
192,193,1,3,female,19.0,1,0,7.8542,NC,S
193,194,1,2,male,3.0,1,1,26.0,F2,S
194,195,1,1,female,44.0,0,0,27.7208,B4,C
195,196,1,1,female,58.0,0,0,146.5208,B80,C
196,197,0,3,male,29.69911764705882,0,0,7.75,NC,Q
197,198,0,3,male,42.0,0,1,8.4042,NC,S
198,199,1,3,female,29.69911764705882,0,0,7.75,NC,Q
199,200,0,2,female,24.0,0,0,13.0,NC,S
200,201,0,3,male,28.0,0,0,9.5,NC,S
201,202,0,3,male,29.69911764705882,8,2,69.55,NC,S
202,203,0,3,male,34.0,0,0,6.4958,NC,S
203,204,0,3,male,45.5,0,0,7.225,NC,C
204,205,1,3,male,18.0,0,0,8.05,NC,S
205,206,0,3,female,2.0,0,1,10.4625,G6,S
206,207,0,3,male,32.0,1,0,15.85,NC,S
207,208,1,3,male,26.0,0,0,18.7875,NC,C
208,209,1,3,female,16.0,0,0,7.75,NC,Q
209,210,1,1,male,40.0,0,0,31.0,A31,C
210,211,0,3,male,24.0,0,0,7.05,NC,S
211,212,1,2,female,35.0,0,0,21.0,NC,S
212,213,0,3,male,22.0,0,0,7.25,NC,S
213,214,0,2,male,30.0,0,0,13.0,NC,S
214,215,0,3,male,29.69911764705882,1,0,7.75,NC,Q
215,216,1,1,female,31.0,1,0,113.275,D36,C
216,217,1,3,female,27.0,0,0,7.925,NC,S
217,218,0,2,male,42.0,1,0,27.0,NC,S
218,219,1,1,female,32.0,0,0,76.2917,D15,C
219,220,0,2,male,30.0,0,0,10.5,NC,S
220,221,1,3,male,16.0,0,0,8.05,NC,S
221,222,0,2,male,27.0,0,0,13.0,NC,S
222,223,0,3,male,51.0,0,0,8.05,NC,S
223,224,0,3,male,29.69911764705882,0,0,7.8958,NC,S
224,225,1,1,male,38.0,1,0,90.0,C93,S
225,226,0,3,male,22.0,0,0,9.35,NC,S
226,227,1,2,male,19.0,0,0,10.5,NC,S
227,228,0,3,male,20.5,0,0,7.25,NC,S
228,229,0,2,male,18.0,0,0,13.0,NC,S
229,230,0,3,female,29.69911764705882,3,1,25.4667,NC,S
230,231,1,1,female,35.0,1,0,83.475,C83,S
231,232,0,3,male,29.0,0,0,7.775,NC,S
232,233,0,2,male,59.0,0,0,13.5,NC,S
233,234,1,3,female,5.0,4,2,31.3875,NC,S
234,235,0,2,male,24.0,0,0,10.5,NC,S
235,236,0,3,female,29.69911764705882,0,0,7.55,NC,S
236,237,0,2,male,44.0,1,0,26.0,NC,S
237,238,1,2,female,8.0,0,2,26.25,NC,S
238,239,0,2,male,19.0,0,0,10.5,NC,S
239,240,0,2,male,33.0,0,0,12.275,NC,S
240,241,0,3,female,29.69911764705882,1,0,14.4542,NC,C
241,242,1,3,female,29.69911764705882,1,0,15.5,NC,Q
242,243,0,2,male,29.0,0,0,10.5,NC,S
243,244,0,3,male,22.0,0,0,7.125,NC,S
244,245,0,3,male,30.0,0,0,7.225,NC,C
245,246,0,1,male,44.0,2,0,90.0,C78,Q
246,247,0,3,female,25.0,0,0,7.775,NC,S
247,248,1,2,female,24.0,0,2,14.5,NC,S
248,249,1,1,male,37.0,1,1,52.5542,D35,S
249,250,0,2,male,54.0,1,0,26.0,NC,S
250,251,0,3,male,29.69911764705882,0,0,7.25,NC,S
251,252,0,3,female,29.0,1,1,10.4625,G6,S
252,253,0,1,male,62.0,0,0,26.55,C87,S
253,254,0,3,male,30.0,1,0,16.1,NC,S
254,255,0,3,female,41.0,0,2,20.2125,NC,S
255,256,1,3,female,29.0,0,2,15.2458,NC,C
256,257,1,1,female,29.69911764705882,0,0,79.2,NC,C
257,258,1,1,female,30.0,0,0,86.5,B77,S
258,259,1,1,female,35.0,0,0,512.3292,NC,C
259,260,1,2,female,50.0,0,1,26.0,NC,S
260,261,0,3,male,29.69911764705882,0,0,7.75,NC,Q
261,262,1,3,male,3.0,4,2,31.3875,NC,S
262,263,0,1,male,52.0,1,1,79.65,E67,S
263,264,0,1,male,40.0,0,0,0.0,B94,S
264,265,0,3,female,29.69911764705882,0,0,7.75,NC,Q
265,266,0,2,male,36.0,0,0,10.5,NC,S
266,267,0,3,male,16.0,4,1,39.6875,NC,S
267,268,1,3,male,25.0,1,0,7.775,NC,S
268,269,1,1,female,58.0,0,1,153.4625,C125,S
269,270,1,1,female,35.0,0,0,135.6333,C99,S
270,271,0,1,male,29.69911764705882,0,0,31.0,NC,S
271,272,1,3,male,25.0,0,0,0.0,NC,S
272,273,1,2,female,41.0,0,1,19.5,NC,S
273,274,0,1,male,37.0,0,1,29.7,C118,C
274,275,1,3,female,29.69911764705882,0,0,7.75,NC,Q
275,276,1,1,female,63.0,1,0,77.9583,D7,S
276,277,0,3,female,45.0,0,0,7.75,NC,S
277,278,0,2,male,29.69911764705882,0,0,0.0,NC,S
278,279,0,3,male,7.0,4,1,29.125,NC,Q
279,280,1,3,female,35.0,1,1,20.25,NC,S
280,281,0,3,male,65.0,0,0,7.75,NC,Q
281,282,0,3,male,28.0,0,0,7.8542,NC,S
282,283,0,3,male,16.0,0,0,9.5,NC,S
283,284,1,3,male,19.0,0,0,8.05,NC,S
284,285,0,1,male,29.69911764705882,0,0,26.0,A19,S
285,286,0,3,male,33.0,0,0,8.6625,NC,C
286,287,1,3,male,30.0,0,0,9.5,NC,S
287,288,0,3,male,22.0,0,0,7.8958,NC,S
288,289,1,2,male,42.0,0,0,13.0,NC,S
289,290,1,3,female,22.0,0,0,7.75,NC,Q
290,291,1,1,female,26.0,0,0,78.85,NC,S
291,292,1,1,female,19.0,1,0,91.0792,B49,C
292,293,0,2,male,36.0,0,0,12.875,D,C
293,294,0,3,female,24.0,0,0,8.85,NC,S
294,295,0,3,male,24.0,0,0,7.8958,NC,S
295,296,0,1,male,29.69911764705882,0,0,27.7208,NC,C
296,297,0,3,male,23.5,0,0,7.2292,NC,C
297,298,0,1,female,2.0,1,2,151.55,C22 C26,S
298,299,1,1,male,29.69911764705882,0,0,30.5,C106,S
299,300,1,1,female,50.0,0,1,247.5208,B58 B60,C
300,301,1,3,female,29.69911764705882,0,0,7.75,NC,Q
301,302,1,3,male,29.69911764705882,2,0,23.25,NC,Q
302,303,0,3,male,19.0,0,0,0.0,NC,S
303,304,1,2,female,29.69911764705882,0,0,12.35,E101,Q
304,305,0,3,male,29.69911764705882,0,0,8.05,NC,S
305,306,1,1,male,0.92,1,2,151.55,C22 C26,S
306,307,1,1,female,29.69911764705882,0,0,110.8833,NC,C
307,308,1,1,female,17.0,1,0,108.9,C65,C
308,309,0,2,male,30.0,1,0,24.0,NC,C
309,310,1,1,female,30.0,0,0,56.9292,E36,C
310,311,1,1,female,24.0,0,0,83.1583,C54,C
311,312,1,1,female,18.0,2,2,262.375,B57 B59 B63 B66,C
312,313,0,2,female,26.0,1,1,26.0,NC,S
313,314,0,3,male,28.0,0,0,7.8958,NC,S
314,315,0,2,male,43.0,1,1,26.25,NC,S
315,316,1,3,female,26.0,0,0,7.8542,NC,S
316,317,1,2,female,24.0,1,0,26.0,NC,S
317,318,0,2,male,54.0,0,0,14.0,NC,S
318,319,1,1,female,31.0,0,2,164.8667,C7,S
319,320,1,1,female,40.0,1,1,134.5,E34,C
320,321,0,3,male,22.0,0,0,7.25,NC,S
321,322,0,3,male,27.0,0,0,7.8958,NC,S
322,323,1,2,female,30.0,0,0,12.35,NC,Q
323,324,1,2,female,22.0,1,1,29.0,NC,S
324,325,0,3,male,29.69911764705882,8,2,69.55,NC,S
325,326,1,1,female,36.0,0,0,135.6333,C32,C
326,327,0,3,male,61.0,0,0,6.2375,NC,S
327,328,1,2,female,36.0,0,0,13.0,D,S
328,329,1,3,female,31.0,1,1,20.525,NC,S
329,330,1,1,female,16.0,0,1,57.9792,B18,C
330,331,1,3,female,29.69911764705882,2,0,23.25,NC,Q
331,332,0,1,male,45.5,0,0,28.5,C124,S
332,333,0,1,male,38.0,0,1,153.4625,C91,S
333,334,0,3,male,16.0,2,0,18.0,NC,S
334,335,1,1,female,29.69911764705882,1,0,133.65,NC,S
335,336,0,3,male,29.69911764705882,0,0,7.8958,NC,S
336,337,0,1,male,29.0,1,0,66.6,C2,S
337,338,1,1,female,41.0,0,0,134.5,E40,C
338,339,1,3,male,45.0,0,0,8.05,NC,S
339,340,0,1,male,45.0,0,0,35.5,T,S
340,341,1,2,male,2.0,1,1,26.0,F2,S
341,342,1,1,female,24.0,3,2,263.0,C23 C25 C27,S
342,343,0,2,male,28.0,0,0,13.0,NC,S
343,344,0,2,male,25.0,0,0,13.0,NC,S
344,345,0,2,male,36.0,0,0,13.0,NC,S
345,346,1,2,female,24.0,0,0,13.0,F33,S
346,347,1,2,female,40.0,0,0,13.0,NC,S
347,348,1,3,female,29.69911764705882,1,0,16.1,NC,S
348,349,1,3,male,3.0,1,1,15.9,NC,S
349,350,0,3,male,42.0,0,0,8.6625,NC,S
350,351,0,3,male,23.0,0,0,9.225,NC,S
351,352,0,1,male,29.69911764705882,0,0,35.0,C128,S
352,353,0,3,male,15.0,1,1,7.2292,NC,C
353,354,0,3,male,25.0,1,0,17.8,NC,S
354,355,0,3,male,29.69911764705882,0,0,7.225,NC,C
355,356,0,3,male,28.0,0,0,9.5,NC,S
356,357,1,1,female,22.0,0,1,55.0,E33,S
357,358,0,2,female,38.0,0,0,13.0,NC,S
358,359,1,3,female,29.69911764705882,0,0,7.8792,NC,Q
359,360,1,3,female,29.69911764705882,0,0,7.8792,NC,Q
360,361,0,3,male,40.0,1,4,27.9,NC,S
361,362,0,2,male,29.0,1,0,27.7208,NC,C
362,363,0,3,female,45.0,0,1,14.4542,NC,C
363,364,0,3,male,35.0,0,0,7.05,NC,S
364,365,0,3,male,29.69911764705882,1,0,15.5,NC,Q
365,366,0,3,male,30.0,0,0,7.25,NC,S
366,367,1,1,female,60.0,1,0,75.25,D37,C
367,368,1,3,female,29.69911764705882,0,0,7.2292,NC,C
368,369,1,3,female,29.69911764705882,0,0,7.75,NC,Q
369,370,1,1,female,24.0,0,0,69.3,B35,C
370,371,1,1,male,25.0,1,0,55.4417,E50,C
371,372,0,3,male,18.0,1,0,6.4958,NC,S
372,373,0,3,male,19.0,0,0,8.05,NC,S
373,374,0,1,male,22.0,0,0,135.6333,NC,C
374,375,0,3,female,3.0,3,1,21.075,NC,S
375,376,1,1,female,29.69911764705882,1,0,82.1708,NC,C
376,377,1,3,female,22.0,0,0,7.25,NC,S
377,378,0,1,male,27.0,0,2,211.5,C82,C
378,379,0,3,male,20.0,0,0,4.0125,NC,C
379,380,0,3,male,19.0,0,0,7.775,NC,S
380,381,1,1,female,42.0,0,0,227.525,NC,C
381,382,1,3,female,1.0,0,2,15.7417,NC,C
382,383,0,3,male,32.0,0,0,7.925,NC,S
383,384,1,1,female,35.0,1,0,52.0,NC,S
384,385,0,3,male,29.69911764705882,0,0,7.8958,NC,S
385,386,0,2,male,18.0,0,0,73.5,NC,S
386,387,0,3,male,1.0,5,2,46.9,NC,S
387,388,1,2,female,36.0,0,0,13.0,NC,S
388,389,0,3,male,29.69911764705882,0,0,7.7292,NC,Q
389,390,1,2,female,17.0,0,0,12.0,NC,C
390,391,1,1,male,36.0,1,2,120.0,B96 B98,S
391,392,1,3,male,21.0,0,0,7.7958,NC,S
392,393,0,3,male,28.0,2,0,7.925,NC,S
393,394,1,1,female,23.0,1,0,113.275,D36,C
394,395,1,3,female,24.0,0,2,16.7,G6,S
395,396,0,3,male,22.0,0,0,7.7958,NC,S
396,397,0,3,female,31.0,0,0,7.8542,NC,S
397,398,0,2,male,46.0,0,0,26.0,NC,S
398,399,0,2,male,23.0,0,0,10.5,NC,S
399,400,1,2,female,28.0,0,0,12.65,NC,S
400,401,1,3,male,39.0,0,0,7.925,NC,S
401,402,0,3,male,26.0,0,0,8.05,NC,S
402,403,0,3,female,21.0,1,0,9.825,NC,S
403,404,0,3,male,28.0,1,0,15.85,NC,S
404,405,0,3,female,20.0,0,0,8.6625,NC,S
405,406,0,2,male,34.0,1,0,21.0,NC,S
406,407,0,3,male,51.0,0,0,7.75,NC,S
407,408,1,2,male,3.0,1,1,18.75,NC,S
408,409,0,3,male,21.0,0,0,7.775,NC,S
409,410,0,3,female,29.69911764705882,3,1,25.4667,NC,S
410,411,0,3,male,29.69911764705882,0,0,7.8958,NC,S
411,412,0,3,male,29.69911764705882,0,0,6.8583,NC,Q
412,413,1,1,female,33.0,1,0,90.0,C78,Q
413,414,0,2,male,29.69911764705882,0,0,0.0,NC,S
414,415,1,3,male,44.0,0,0,7.925,NC,S
415,416,0,3,female,29.69911764705882,0,0,8.05,NC,S
416,417,1,2,female,34.0,1,1,32.5,NC,S
417,418,1,2,female,18.0,0,2,13.0,NC,S
418,419,0,2,male,30.0,0,0,13.0,NC,S
419,420,0,3,female,10.0,0,2,24.15,NC,S
420,421,0,3,male,29.69911764705882,0,0,7.8958,NC,C
421,422,0,3,male,21.0,0,0,7.7333,NC,Q
422,423,0,3,male,29.0,0,0,7.875,NC,S
423,424,0,3,female,28.0,1,1,14.4,NC,S
424,425,0,3,male,18.0,1,1,20.2125,NC,S
425,426,0,3,male,29.69911764705882,0,0,7.25,NC,S
426,427,1,2,female,28.0,1,0,26.0,NC,S
427,428,1,2,female,19.0,0,0,26.0,NC,S
428,429,0,3,male,29.69911764705882,0,0,7.75,NC,Q
429,430,1,3,male,32.0,0,0,8.05,E10,S
430,431,1,1,male,28.0,0,0,26.55,C52,S
431,432,1,3,female,29.69911764705882,1,0,16.1,NC,S
432,433,1,2,female,42.0,1,0,26.0,NC,S
433,434,0,3,male,17.0,0,0,7.125,NC,S
434,435,0,1,male,50.0,1,0,55.9,E44,S
435,436,1,1,female,14.0,1,2,120.0,B96 B98,S
436,437,0,3,female,21.0,2,2,34.375,NC,S
437,438,1,2,female,24.0,2,3,18.75,NC,S
438,439,0,1,male,64.0,1,4,263.0,C23 C25 C27,S
439,440,0,2,male,31.0,0,0,10.5,NC,S
440,441,1,2,female,45.0,1,1,26.25,NC,S
441,442,0,3,male,20.0,0,0,9.5,NC,S
442,443,0,3,male,25.0,1,0,7.775,NC,S
443,444,1,2,female,28.0,0,0,13.0,NC,S
444,445,1,3,male,29.69911764705882,0,0,8.1125,NC,S
445,446,1,1,male,4.0,0,2,81.8583,A34,S
446,447,1,2,female,13.0,0,1,19.5,NC,S
447,448,1,1,male,34.0,0,0,26.55,NC,S
448,449,1,3,female,5.0,2,1,19.2583,NC,C
449,450,1,1,male,52.0,0,0,30.5,C104,S
450,451,0,2,male,36.0,1,2,27.75,NC,S
451,452,0,3,male,29.69911764705882,1,0,19.9667,NC,S
452,453,0,1,male,30.0,0,0,27.75,C111,C
453,454,1,1,male,49.0,1,0,89.1042,C92,C
454,455,0,3,male,29.69911764705882,0,0,8.05,NC,S
455,456,1,3,male,29.0,0,0,7.8958,NC,C
456,457,0,1,male,65.0,0,0,26.55,E38,S
457,458,1,1,female,29.69911764705882,1,0,51.8625,D21,S
458,459,1,2,female,50.0,0,0,10.5,NC,S
459,460,0,3,male,29.69911764705882,0,0,7.75,NC,Q
460,461,1,1,male,48.0,0,0,26.55,E12,S
461,462,0,3,male,34.0,0,0,8.05,NC,S
462,463,0,1,male,47.0,0,0,38.5,E63,S
463,464,0,2,male,48.0,0,0,13.0,NC,S
464,465,0,3,male,29.69911764705882,0,0,8.05,NC,S
465,466,0,3,male,38.0,0,0,7.05,NC,S
466,467,0,2,male,29.69911764705882,0,0,0.0,NC,S
467,468,0,1,male,56.0,0,0,26.55,NC,S
468,469,0,3,male,29.69911764705882,0,0,7.725,NC,Q
469,470,1,3,female,0.75,2,1,19.2583,NC,C
470,471,0,3,male,29.69911764705882,0,0,7.25,NC,S
471,472,0,3,male,38.0,0,0,8.6625,NC,S
472,473,1,2,female,33.0,1,2,27.75,NC,S
473,474,1,2,female,23.0,0,0,13.7917,D,C
474,475,0,3,female,22.0,0,0,9.8375,NC,S
475,476,0,1,male,29.69911764705882,0,0,52.0,A14,S
476,477,0,2,male,34.0,1,0,21.0,NC,S
477,478,0,3,male,29.0,1,0,7.0458,NC,S
478,479,0,3,male,22.0,0,0,7.5208,NC,S
479,480,1,3,female,2.0,0,1,12.2875,NC,S
480,481,0,3,male,9.0,5,2,46.9,NC,S
481,482,0,2,male,29.69911764705882,0,0,0.0,NC,S
482,483,0,3,male,50.0,0,0,8.05,NC,S
483,484,1,3,female,63.0,0,0,9.5875,NC,S
484,485,1,1,male,25.0,1,0,91.0792,B49,C
485,486,0,3,female,29.69911764705882,3,1,25.4667,NC,S
486,487,1,1,female,35.0,1,0,90.0,C93,S
487,488,0,1,male,58.0,0,0,29.7,B37,C
488,489,0,3,male,30.0,0,0,8.05,NC,S
489,490,1,3,male,9.0,1,1,15.9,NC,S
490,491,0,3,male,29.69911764705882,1,0,19.9667,NC,S
491,492,0,3,male,21.0,0,0,7.25,NC,S
492,493,0,1,male,55.0,0,0,30.5,C30,S
493,494,0,1,male,71.0,0,0,49.5042,NC,C
494,495,0,3,male,21.0,0,0,8.05,NC,S
495,496,0,3,male,29.69911764705882,0,0,14.4583,NC,C
496,497,1,1,female,54.0,1,0,78.2667,D20,C
497,498,0,3,male,29.69911764705882,0,0,15.1,NC,S
498,499,0,1,female,25.0,1,2,151.55,C22 C26,S
499,500,0,3,male,24.0,0,0,7.7958,NC,S
500,501,0,3,male,17.0,0,0,8.6625,NC,S
501,502,0,3,female,21.0,0,0,7.75,NC,Q
502,503,0,3,female,29.69911764705882,0,0,7.6292,NC,Q
503,504,0,3,female,37.0,0,0,9.5875,NC,S
504,505,1,1,female,16.0,0,0,86.5,B79,S
505,506,0,1,male,18.0,1,0,108.9,C65,C
506,507,1,2,female,33.0,0,2,26.0,NC,S
507,508,1,1,male,29.69911764705882,0,0,26.55,NC,S
508,509,0,3,male,28.0,0,0,22.525,NC,S
509,510,1,3,male,26.0,0,0,56.4958,NC,S
510,511,1,3,male,29.0,0,0,7.75,NC,Q
511,512,0,3,male,29.69911764705882,0,0,8.05,NC,S
512,513,1,1,male,36.0,0,0,26.2875,E25,S
513,514,1,1,female,54.0,1,0,59.4,NC,C
514,515,0,3,male,24.0,0,0,7.4958,NC,S
515,516,0,1,male,47.0,0,0,34.0208,D46,S
516,517,1,2,female,34.0,0,0,10.5,F33,S
517,518,0,3,male,29.69911764705882,0,0,24.15,NC,Q
518,519,1,2,female,36.0,1,0,26.0,NC,S
519,520,0,3,male,32.0,0,0,7.8958,NC,S
520,521,1,1,female,30.0,0,0,93.5,B73,S
521,522,0,3,male,22.0,0,0,7.8958,NC,S
522,523,0,3,male,29.69911764705882,0,0,7.225,NC,C
523,524,1,1,female,44.0,0,1,57.9792,B18,C
524,525,0,3,male,29.69911764705882,0,0,7.2292,NC,C
525,526,0,3,male,40.5,0,0,7.75,NC,Q
526,527,1,2,female,50.0,0,0,10.5,NC,S
527,528,0,1,male,29.69911764705882,0,0,221.7792,C95,S
528,529,0,3,male,39.0,0,0,7.925,NC,S
529,530,0,2,male,23.0,2,1,11.5,NC,S
530,531,1,2,female,2.0,1,1,26.0,NC,S
531,532,0,3,male,29.69911764705882,0,0,7.2292,NC,C
532,533,0,3,male,17.0,1,1,7.2292,NC,C
533,534,1,3,female,29.69911764705882,0,2,22.3583,NC,C
534,535,0,3,female,30.0,0,0,8.6625,NC,S
535,536,1,2,female,7.0,0,2,26.25,NC,S
536,537,0,1,male,45.0,0,0,26.55,B38,S
537,538,1,1,female,30.0,0,0,106.425,NC,C
538,539,0,3,male,29.69911764705882,0,0,14.5,NC,S
539,540,1,1,female,22.0,0,2,49.5,B39,C
540,541,1,1,female,36.0,0,2,71.0,B22,S
541,542,0,3,female,9.0,4,2,31.275,NC,S
542,543,0,3,female,11.0,4,2,31.275,NC,S
543,544,1,2,male,32.0,1,0,26.0,NC,S
544,545,0,1,male,50.0,1,0,106.425,C86,C
545,546,0,1,male,64.0,0,0,26.0,NC,S
546,547,1,2,female,19.0,1,0,26.0,NC,S
547,548,1,2,male,29.69911764705882,0,0,13.8625,NC,C
548,549,0,3,male,33.0,1,1,20.525,NC,S
549,550,1,2,male,8.0,1,1,36.75,NC,S
550,551,1,1,male,17.0,0,2,110.8833,C70,C
551,552,0,2,male,27.0,0,0,26.0,NC,S
552,553,0,3,male,29.69911764705882,0,0,7.8292,NC,Q
553,554,1,3,male,22.0,0,0,7.225,NC,C
554,555,1,3,female,22.0,0,0,7.775,NC,S
555,556,0,1,male,62.0,0,0,26.55,NC,S
556,557,1,1,female,48.0,1,0,39.6,A16,C
557,558,0,1,male,29.69911764705882,0,0,227.525,NC,C
558,559,1,1,female,39.0,1,1,79.65,E67,S
559,560,1,3,female,36.0,1,0,17.4,NC,S
560,561,0,3,male,29.69911764705882,0,0,7.75,NC,Q
561,562,0,3,male,40.0,0,0,7.8958,NC,S
562,563,0,2,male,28.0,0,0,13.5,NC,S
563,564,0,3,male,29.69911764705882,0,0,8.05,NC,S
564,565,0,3,female,29.69911764705882,0,0,8.05,NC,S
565,566,0,3,male,24.0,2,0,24.15,NC,S
566,567,0,3,male,19.0,0,0,7.8958,NC,S
567,568,0,3,female,29.0,0,4,21.075,NC,S
568,569,0,3,male,29.69911764705882,0,0,7.2292,NC,C
569,570,1,3,male,32.0,0,0,7.8542,NC,S
570,571,1,2,male,62.0,0,0,10.5,NC,S
571,572,1,1,female,53.0,2,0,51.4792,C101,S
572,573,1,1,male,36.0,0,0,26.3875,E25,S
573,574,1,3,female,29.69911764705882,0,0,7.75,NC,Q
574,575,0,3,male,16.0,0,0,8.05,NC,S
575,576,0,3,male,19.0,0,0,14.5,NC,S
576,577,1,2,female,34.0,0,0,13.0,NC,S
577,578,1,1,female,39.0,1,0,55.9,E44,S
578,579,0,3,female,29.69911764705882,1,0,14.4583,NC,C
579,580,1,3,male,32.0,0,0,7.925,NC,S
580,581,1,2,female,25.0,1,1,30.0,NC,S
581,582,1,1,female,39.0,1,1,110.8833,C68,C
582,583,0,2,male,54.0,0,0,26.0,NC,S
583,584,0,1,male,36.0,0,0,40.125,A10,C
584,585,0,3,male,29.69911764705882,0,0,8.7125,NC,C
585,586,1,1,female,18.0,0,2,79.65,E68,S
586,587,0,2,male,47.0,0,0,15.0,NC,S
587,588,1,1,male,60.0,1,1,79.2,B41,C
588,589,0,3,male,22.0,0,0,8.05,NC,S
589,590,0,3,male,29.69911764705882,0,0,8.05,NC,S
590,591,0,3,male,35.0,0,0,7.125,NC,S
591,592,1,1,female,52.0,1,0,78.2667,D20,C
592,593,0,3,male,47.0,0,0,7.25,NC,S
593,594,0,3,female,29.69911764705882,0,2,7.75,NC,Q
594,595,0,2,male,37.0,1,0,26.0,NC,S
595,596,0,3,male,36.0,1,1,24.15,NC,S
596,597,1,2,female,29.69911764705882,0,0,33.0,NC,S
597,598,0,3,male,49.0,0,0,0.0,NC,S
598,599,0,3,male,29.69911764705882,0,0,7.225,NC,C
599,600,1,1,male,49.0,1,0,56.9292,A20,C
600,601,1,2,female,24.0,2,1,27.0,NC,S
601,602,0,3,male,29.69911764705882,0,0,7.8958,NC,S
602,603,0,1,male,29.69911764705882,0,0,42.4,NC,S
603,604,0,3,male,44.0,0,0,8.05,NC,S
604,605,1,1,male,35.0,0,0,26.55,NC,C
605,606,0,3,male,36.0,1,0,15.55,NC,S
606,607,0,3,male,30.0,0,0,7.8958,NC,S
607,608,1,1,male,27.0,0,0,30.5,NC,S
608,609,1,2,female,22.0,1,2,41.5792,NC,C
609,610,1,1,female,40.0,0,0,153.4625,C125,S
610,611,0,3,female,39.0,1,5,31.275,NC,S
611,612,0,3,male,29.69911764705882,0,0,7.05,NC,S
612,613,1,3,female,29.69911764705882,1,0,15.5,NC,Q
613,614,0,3,male,29.69911764705882,0,0,7.75,NC,Q
614,615,0,3,male,35.0,0,0,8.05,NC,S
615,616,1,2,female,24.0,1,2,65.0,NC,S
616,617,0,3,male,34.0,1,1,14.4,NC,S
617,618,0,3,female,26.0,1,0,16.1,NC,S
618,619,1,2,female,4.0,2,1,39.0,F4,S
619,620,0,2,male,26.0,0,0,10.5,NC,S
620,621,0,3,male,27.0,1,0,14.4542,NC,C
621,622,1,1,male,42.0,1,0,52.5542,D19,S
622,623,1,3,male,20.0,1,1,15.7417,NC,C
623,624,0,3,male,21.0,0,0,7.8542,NC,S
624,625,0,3,male,21.0,0,0,16.1,NC,S
625,626,0,1,male,61.0,0,0,32.3208,D50,S
626,627,0,2,male,57.0,0,0,12.35,NC,Q
627,628,1,1,female,21.0,0,0,77.9583,D9,S
628,629,0,3,male,26.0,0,0,7.8958,NC,S
629,630,0,3,male,29.69911764705882,0,0,7.7333,NC,Q
630,631,1,1,male,80.0,0,0,30.0,A23,S
631,632,0,3,male,51.0,0,0,7.0542,NC,S
632,633,1,1,male,32.0,0,0,30.5,B50,C
633,634,0,1,male,29.69911764705882,0,0,0.0,NC,S
634,635,0,3,female,9.0,3,2,27.9,NC,S
635,636,1,2,female,28.0,0,0,13.0,NC,S
636,637,0,3,male,32.0,0,0,7.925,NC,S
637,638,0,2,male,31.0,1,1,26.25,NC,S
638,639,0,3,female,41.0,0,5,39.6875,NC,S
639,640,0,3,male,29.69911764705882,1,0,16.1,NC,S
640,641,0,3,male,20.0,0,0,7.8542,NC,S
641,642,1,1,female,24.0,0,0,69.3,B35,C
642,643,0,3,female,2.0,3,2,27.9,NC,S
643,644,1,3,male,29.69911764705882,0,0,56.4958,NC,S
644,645,1,3,female,0.75,2,1,19.2583,NC,C
645,646,1,1,male,48.0,1,0,76.7292,D33,C
646,647,0,3,male,19.0,0,0,7.8958,NC,S
647,648,1,1,male,56.0,0,0,35.5,A26,C
648,649,0,3,male,29.69911764705882,0,0,7.55,NC,S
649,650,1,3,female,23.0,0,0,7.55,NC,S
650,651,0,3,male,29.69911764705882,0,0,7.8958,NC,S
651,652,1,2,female,18.0,0,1,23.0,NC,S
652,653,0,3,male,21.0,0,0,8.4333,NC,S
653,654,1,3,female,29.69911764705882,0,0,7.8292,NC,Q
654,655,0,3,female,18.0,0,0,6.75,NC,Q
655,656,0,2,male,24.0,2,0,73.5,NC,S
656,657,0,3,male,29.69911764705882,0,0,7.8958,NC,S
657,658,0,3,female,32.0,1,1,15.5,NC,Q
658,659,0,2,male,23.0,0,0,13.0,NC,S
659,660,0,1,male,58.0,0,2,113.275,D48,C
660,661,1,1,male,50.0,2,0,133.65,NC,S
661,662,0,3,male,40.0,0,0,7.225,NC,C
662,663,0,1,male,47.0,0,0,25.5875,E58,S
663,664,0,3,male,36.0,0,0,7.4958,NC,S
664,665,1,3,male,20.0,1,0,7.925,NC,S
665,666,0,2,male,32.0,2,0,73.5,NC,S
666,667,0,2,male,25.0,0,0,13.0,NC,S
667,668,0,3,male,29.69911764705882,0,0,7.775,NC,S
668,669,0,3,male,43.0,0,0,8.05,NC,S
669,670,1,1,female,29.69911764705882,1,0,52.0,C126,S
670,671,1,2,female,40.0,1,1,39.0,NC,S
671,672,0,1,male,31.0,1,0,52.0,B71,S
672,673,0,2,male,70.0,0,0,10.5,NC,S
673,674,1,2,male,31.0,0,0,13.0,NC,S
674,675,0,2,male,29.69911764705882,0,0,0.0,NC,S
675,676,0,3,male,18.0,0,0,7.775,NC,S
676,677,0,3,male,24.5,0,0,8.05,NC,S
677,678,1,3,female,18.0,0,0,9.8417,NC,S
678,679,0,3,female,43.0,1,6,46.9,NC,S
679,680,1,1,male,36.0,0,1,512.3292,B51 B53 B55,C
680,681,0,3,female,29.69911764705882,0,0,8.1375,NC,Q
681,682,1,1,male,27.0,0,0,76.7292,D49,C
682,683,0,3,male,20.0,0,0,9.225,NC,S
683,684,0,3,male,14.0,5,2,46.9,NC,S
684,685,0,2,male,60.0,1,1,39.0,NC,S
685,686,0,2,male,25.0,1,2,41.5792,NC,C
686,687,0,3,male,14.0,4,1,39.6875,NC,S
687,688,0,3,male,19.0,0,0,10.1708,NC,S
688,689,0,3,male,18.0,0,0,7.7958,NC,S
689,690,1,1,female,15.0,0,1,211.3375,B5,S
690,691,1,1,male,31.0,1,0,57.0,B20,S
691,692,1,3,female,4.0,0,1,13.4167,NC,C
692,693,1,3,male,29.69911764705882,0,0,56.4958,NC,S
693,694,0,3,male,25.0,0,0,7.225,NC,C
694,695,0,1,male,60.0,0,0,26.55,NC,S
695,696,0,2,male,52.0,0,0,13.5,NC,S
696,697,0,3,male,44.0,0,0,8.05,NC,S
697,698,1,3,female,29.69911764705882,0,0,7.7333,NC,Q
698,699,0,1,male,49.0,1,1,110.8833,C68,C
699,700,0,3,male,42.0,0,0,7.65,F G63,S
700,701,1,1,female,18.0,1,0,227.525,C62 C64,C
701,702,1,1,male,35.0,0,0,26.2875,E24,S
702,703,0,3,female,18.0,0,1,14.4542,NC,C
703,704,0,3,male,25.0,0,0,7.7417,NC,Q
704,705,0,3,male,26.0,1,0,7.8542,NC,S
705,706,0,2,male,39.0,0,0,26.0,NC,S
706,707,1,2,female,45.0,0,0,13.5,NC,S
707,708,1,1,male,42.0,0,0,26.2875,E24,S
708,709,1,1,female,22.0,0,0,151.55,NC,S
709,710,1,3,male,29.69911764705882,1,1,15.2458,NC,C
710,711,1,1,female,24.0,0,0,49.5042,C90,C
711,712,0,1,male,29.69911764705882,0,0,26.55,C124,S
712,713,1,1,male,48.0,1,0,52.0,C126,S
713,714,0,3,male,29.0,0,0,9.4833,NC,S
714,715,0,2,male,52.0,0,0,13.0,NC,S
715,716,0,3,male,19.0,0,0,7.65,F G73,S
716,717,1,1,female,38.0,0,0,227.525,C45,C
717,718,1,2,female,27.0,0,0,10.5,E101,S
718,719,0,3,male,29.69911764705882,0,0,15.5,NC,Q
719,720,0,3,male,33.0,0,0,7.775,NC,S
720,721,1,2,female,6.0,0,1,33.0,NC,S
721,722,0,3,male,17.0,1,0,7.0542,NC,S
722,723,0,2,male,34.0,0,0,13.0,NC,S
723,724,0,2,male,50.0,0,0,13.0,NC,S
724,725,1,1,male,27.0,1,0,53.1,E8,S
725,726,0,3,male,20.0,0,0,8.6625,NC,S
726,727,1,2,female,30.0,3,0,21.0,NC,S
727,728,1,3,female,29.69911764705882,0,0,7.7375,NC,Q
728,729,0,2,male,25.0,1,0,26.0,NC,S
729,730,0,3,female,25.0,1,0,7.925,NC,S
730,731,1,1,female,29.0,0,0,211.3375,B5,S
731,732,0,3,male,11.0,0,0,18.7875,NC,C
732,733,0,2,male,29.69911764705882,0,0,0.0,NC,S
733,734,0,2,male,23.0,0,0,13.0,NC,S
734,735,0,2,male,23.0,0,0,13.0,NC,S
735,736,0,3,male,28.5,0,0,16.1,NC,S
736,737,0,3,female,48.0,1,3,34.375,NC,S
737,738,1,1,male,35.0,0,0,512.3292,B101,C
738,739,0,3,male,29.69911764705882,0,0,7.8958,NC,S
739,740,0,3,male,29.69911764705882,0,0,7.8958,NC,S
740,741,1,1,male,29.69911764705882,0,0,30.0,D45,S
741,742,0,1,male,36.0,1,0,78.85,C46,S
742,743,1,1,female,21.0,2,2,262.375,B57 B59 B63 B66,C
743,744,0,3,male,24.0,1,0,16.1,NC,S
744,745,1,3,male,31.0,0,0,7.925,NC,S
745,746,0,1,male,70.0,1,1,71.0,B22,S
746,747,0,3,male,16.0,1,1,20.25,NC,S
747,748,1,2,female,30.0,0,0,13.0,NC,S
748,749,0,1,male,19.0,1,0,53.1,D30,S
749,750,0,3,male,31.0,0,0,7.75,NC,Q
750,751,1,2,female,4.0,1,1,23.0,NC,S
751,752,1,3,male,6.0,0,1,12.475,E121,S
752,753,0,3,male,33.0,0,0,9.5,NC,S
753,754,0,3,male,23.0,0,0,7.8958,NC,S
754,755,1,2,female,48.0,1,2,65.0,NC,S
755,756,1,2,male,0.67,1,1,14.5,NC,S
756,757,0,3,male,28.0,0,0,7.7958,NC,S
757,758,0,2,male,18.0,0,0,11.5,NC,S
758,759,0,3,male,34.0,0,0,8.05,NC,S
759,760,1,1,female,33.0,0,0,86.5,B77,S
760,761,0,3,male,29.69911764705882,0,0,14.5,NC,S
761,762,0,3,male,41.0,0,0,7.125,NC,S
762,763,1,3,male,20.0,0,0,7.2292,NC,C
763,764,1,1,female,36.0,1,2,120.0,B96 B98,S
764,765,0,3,male,16.0,0,0,7.775,NC,S
765,766,1,1,female,51.0,1,0,77.9583,D11,S
766,767,0,1,male,29.69911764705882,0,0,39.6,NC,C
767,768,0,3,female,30.5,0,0,7.75,NC,Q
768,769,0,3,male,29.69911764705882,1,0,24.15,NC,Q
769,770,0,3,male,32.0,0,0,8.3625,NC,S
770,771,0,3,male,24.0,0,0,9.5,NC,S
771,772,0,3,male,48.0,0,0,7.8542,NC,S
772,773,0,2,female,57.0,0,0,10.5,E77,S
773,774,0,3,male,29.69911764705882,0,0,7.225,NC,C
774,775,1,2,female,54.0,1,3,23.0,NC,S
775,776,0,3,male,18.0,0,0,7.75,NC,S
776,777,0,3,male,29.69911764705882,0,0,7.75,F38,Q
777,778,1,3,female,5.0,0,0,12.475,NC,S
778,779,0,3,male,29.69911764705882,0,0,7.7375,NC,Q
779,780,1,1,female,43.0,0,1,211.3375,B3,S
780,781,1,3,female,13.0,0,0,7.2292,NC,C
781,782,1,1,female,17.0,1,0,57.0,B20,S
782,783,0,1,male,29.0,0,0,30.0,D6,S
783,784,0,3,male,29.69911764705882,1,2,23.45,NC,S
784,785,0,3,male,25.0,0,0,7.05,NC,S
785,786,0,3,male,25.0,0,0,7.25,NC,S
786,787,1,3,female,18.0,0,0,7.4958,NC,S
787,788,0,3,male,8.0,4,1,29.125,NC,Q
788,789,1,3,male,1.0,1,2,20.575,NC,S
789,790,0,1,male,46.0,0,0,79.2,B82 B84,C
790,791,0,3,male,29.69911764705882,0,0,7.75,NC,Q
791,792,0,2,male,16.0,0,0,26.0,NC,S
792,793,0,3,female,29.69911764705882,8,2,69.55,NC,S
793,794,0,1,male,29.69911764705882,0,0,30.6958,NC,C
794,795,0,3,male,25.0,0,0,7.8958,NC,S
795,796,0,2,male,39.0,0,0,13.0,NC,S
796,797,1,1,female,49.0,0,0,25.9292,D17,S
797,798,1,3,female,31.0,0,0,8.6833,NC,S
798,799,0,3,male,30.0,0,0,7.2292,NC,C
799,800,0,3,female,30.0,1,1,24.15,NC,S
800,801,0,2,male,34.0,0,0,13.0,NC,S
801,802,1,2,female,31.0,1,1,26.25,NC,S
802,803,1,1,male,11.0,1,2,120.0,B96 B98,S
803,804,1,3,male,0.42,0,1,8.5167,NC,C
804,805,1,3,male,27.0,0,0,6.975,NC,S
805,806,0,3,male,31.0,0,0,7.775,NC,S
806,807,0,1,male,39.0,0,0,0.0,A36,S
807,808,0,3,female,18.0,0,0,7.775,NC,S
808,809,0,2,male,39.0,0,0,13.0,NC,S
809,810,1,1,female,33.0,1,0,53.1,E8,S
810,811,0,3,male,26.0,0,0,7.8875,NC,S
811,812,0,3,male,39.0,0,0,24.15,NC,S
812,813,0,2,male,35.0,0,0,10.5,NC,S
813,814,0,3,female,6.0,4,2,31.275,NC,S
814,815,0,3,male,30.5,0,0,8.05,NC,S
815,816,0,1,male,29.69911764705882,0,0,0.0,B102,S
816,817,0,3,female,23.0,0,0,7.925,NC,S
817,818,0,2,male,31.0,1,1,37.0042,NC,C
818,819,0,3,male,43.0,0,0,6.45,NC,S
819,820,0,3,male,10.0,3,2,27.9,NC,S
820,821,1,1,female,52.0,1,1,93.5,B69,S
821,822,1,3,male,27.0,0,0,8.6625,NC,S
822,823,0,1,male,38.0,0,0,0.0,NC,S
823,824,1,3,female,27.0,0,1,12.475,E121,S
824,825,0,3,male,2.0,4,1,39.6875,NC,S
825,826,0,3,male,29.69911764705882,0,0,6.95,NC,Q
826,827,0,3,male,29.69911764705882,0,0,56.4958,NC,S
827,828,1,2,male,1.0,0,2,37.0042,NC,C
828,829,1,3,male,29.69911764705882,0,0,7.75,NC,Q
829,830,1,1,female,62.0,0,0,80.0,B28,S
830,831,1,3,female,15.0,1,0,14.4542,NC,C
831,832,1,2,male,0.83,1,1,18.75,NC,S
832,833,0,3,male,29.69911764705882,0,0,7.2292,NC,C
833,834,0,3,male,23.0,0,0,7.8542,NC,S
834,835,0,3,male,18.0,0,0,8.3,NC,S
835,836,1,1,female,39.0,1,1,83.1583,E49,C
836,837,0,3,male,21.0,0,0,8.6625,NC,S
837,838,0,3,male,29.69911764705882,0,0,8.05,NC,S
838,839,1,3,male,32.0,0,0,56.4958,NC,S
839,840,1,1,male,29.69911764705882,0,0,29.7,C47,C
840,841,0,3,male,20.0,0,0,7.925,NC,S
841,842,0,2,male,16.0,0,0,10.5,NC,S
842,843,1,1,female,30.0,0,0,31.0,NC,C
843,844,0,3,male,34.5,0,0,6.4375,NC,C
844,845,0,3,male,17.0,0,0,8.6625,NC,S
845,846,0,3,male,42.0,0,0,7.55,NC,S
846,847,0,3,male,29.69911764705882,8,2,69.55,NC,S
847,848,0,3,male,35.0,0,0,7.8958,NC,C
848,849,0,2,male,28.0,0,1,33.0,NC,S
849,850,1,1,female,29.69911764705882,1,0,89.1042,C92,C
850,851,0,3,male,4.0,4,2,31.275,NC,S
851,852,0,3,male,74.0,0,0,7.775,NC,S
852,853,0,3,female,9.0,1,1,15.2458,NC,C
853,854,1,1,female,16.0,0,1,39.4,D28,S
854,855,0,2,female,44.0,1,0,26.0,NC,S
855,856,1,3,female,18.0,0,1,9.35,NC,S
856,857,1,1,female,45.0,1,1,164.8667,NC,S
857,858,1,1,male,51.0,0,0,26.55,E17,S
858,859,1,3,female,24.0,0,3,19.2583,NC,C
859,860,0,3,male,29.69911764705882,0,0,7.2292,NC,C
860,861,0,3,male,41.0,2,0,14.1083,NC,S
861,862,0,2,male,21.0,1,0,11.5,NC,S
862,863,1,1,female,48.0,0,0,25.9292,D17,S
863,864,0,3,female,29.69911764705882,8,2,69.55,NC,S
864,865,0,2,male,24.0,0,0,13.0,NC,S
865,866,1,2,female,42.0,0,0,13.0,NC,S
866,867,1,2,female,27.0,1,0,13.8583,NC,C
867,868,0,1,male,31.0,0,0,50.4958,A24,S
868,869,0,3,male,29.69911764705882,0,0,9.5,NC,S
869,870,1,3,male,4.0,1,1,11.1333,NC,S
870,871,0,3,male,26.0,0,0,7.8958,NC,S
871,872,1,1,female,47.0,1,1,52.5542,D35,S
872,873,0,1,male,33.0,0,0,5.0,B51 B53 B55,S
873,874,0,3,male,47.0,0,0,9.0,NC,S
874,875,1,2,female,28.0,1,0,24.0,NC,C
875,876,1,3,female,15.0,0,0,7.225,NC,C
876,877,0,3,male,20.0,0,0,9.8458,NC,S
877,878,0,3,male,19.0,0,0,7.8958,NC,S
878,879,0,3,male,29.69911764705882,0,0,7.8958,NC,S
879,880,1,1,female,56.0,0,1,83.1583,C50,C
880,881,1,2,female,25.0,0,1,26.0,NC,S
881,882,0,3,male,33.0,0,0,7.8958,NC,S
882,883,0,3,female,22.0,0,0,10.5167,NC,S
883,884,0,2,male,28.0,0,0,10.5,NC,S
884,885,0,3,male,25.0,0,0,7.05,NC,S
885,886,0,3,female,39.0,0,5,29.125,NC,Q
886,887,0,2,male,27.0,0,0,13.0,NC,S
887,888,1,1,female,19.0,0,0,30.0,B42,S
888,889,0,3,female,29.69911764705882,1,2,23.45,NC,S
889,890,1,1,male,26.0,0,0,30.0,C148,C
890,891,0,3,male,32.0,0,0,7.75,NC,Q
